{
    "accuracy": [
        0.38671875,
        0.40625,
        0.388671875,
        0.423828125,
        0.396484375,
        0.41796875,
        0.404296875
    ],
    "loss": [
        1.6556764841079712,
        1.1866810321807861,
        1.2722361087799072,
        1.1069568395614624,
        1.1041876077651978,
        1.079163670539856,
        1.079895257949829
    ],
    "val_accuracy": [
        0.3125,
        0.3515625,
        0.359375,
        0.3515625,
        0.3515625,
        0.3515625,
        0.3515625
    ],
    "val_loss": [
        1.0874186754226685,
        1.0907037258148193,
        1.089457631111145,
        1.0865137577056885,
        1.0885010957717896,
        1.0867185592651367,
        1.0867681503295898
    ],
    "learning_rate": [
        0.0010000000474974513,
        0.0010000000474974513,
        0.0010000000474974513,
        0.00020000000949949026,
        0.00020000000949949026,
        0.00020000000949949026,
        9.999999747378752e-05
    ]
}