{
    "accuracy": [
        0.3828125,
        0.384765625,
        0.453125,
        0.455078125,
        0.49609375,
        0.55078125,
        0.62109375,
        0.599609375,
        0.712890625,
        0.732421875,
        0.76171875,
        0.732421875,
        0.77734375,
        0.7734375,
        0.76953125,
        0.796875,
        0.837890625,
        0.814453125,
        0.806640625,
        0.83203125,
        0.828125,
        0.83984375,
        0.837890625,
        0.8515625,
        0.826171875,
        0.859375,
        0.861328125,
        0.86328125,
        0.8515625,
        0.861328125,
        0.876953125,
        0.8828125,
        0.87109375,
        0.869140625,
        0.880859375,
        0.880859375
    ],
    "loss": [
        1.07155179977417,
        1.0602915287017822,
        1.0359044075012207,
        1.0165960788726807,
        0.992583155632019,
        0.9460781812667847,
        0.8235524296760559,
        0.8822563886642456,
        0.7434083223342896,
        0.7159997224807739,
        0.6356795430183411,
        0.6839839220046997,
        0.6073720455169678,
        0.584935188293457,
        0.5926769971847534,
        0.5239932537078857,
        0.47700271010398865,
        0.4645349383354187,
        0.4919760823249817,
        0.4834643602371216,
        0.49136117100715637,
        0.42313358187675476,
        0.4420817792415619,
        0.40640074014663696,
        0.4439607560634613,
        0.40630295872688293,
        0.3874968886375427,
        0.39591386914253235,
        0.3980585038661957,
        0.3894065022468567,
        0.36628323793411255,
        0.3661767840385437,
        0.36667609214782715,
        0.35851922631263733,
        0.3305756449699402,
        0.349380224943161
    ],
    "val_accuracy": [
        0.40625,
        0.421875,
        0.4296875,
        0.546875,
        0.5546875,
        0.65625,
        0.71875,
        0.6796875,
        0.8125,
        0.828125,
        0.8515625,
        0.875,
        0.84375,
        0.8359375,
        0.890625,
        0.921875,
        0.921875,
        0.8203125,
        0.9375,
        0.9453125,
        0.9453125,
        0.9453125,
        0.9296875,
        0.9375,
        0.953125,
        0.9140625,
        0.9375,
        0.9296875,
        0.890625,
        0.9453125,
        0.953125,
        0.9609375,
        0.953125,
        0.953125,
        0.9375,
        0.9375
    ],
    "val_loss": [
        1.0591676235198975,
        1.049044132232666,
        1.0501761436462402,
        1.0214691162109375,
        0.9013124108314514,
        0.7579542994499207,
        0.7622435092926025,
        0.8735825419425964,
        0.5555993318557739,
        0.5116452574729919,
        0.4756827652454376,
        0.4674201011657715,
        0.46177005767822266,
        0.47181379795074463,
        0.39783841371536255,
        0.36023998260498047,
        0.38089725375175476,
        0.4800029397010803,
        0.30918455123901367,
        0.2760356068611145,
        0.2867095172405243,
        0.25642502307891846,
        0.2754925489425659,
        0.252463161945343,
        0.24779334664344788,
        0.25512009859085083,
        0.25888901948928833,
        0.24529318511486053,
        0.33363962173461914,
        0.24227888882160187,
        0.22361618280410767,
        0.21151261031627655,
        0.20565472543239594,
        0.2376636415719986,
        0.23335672914981842,
        0.24950644373893738
    ],
    "learning_rate": [
        0.0010000000474974513,
        0.0010000000474974513,
        0.0010000000474974513,
        0.0010000000474974513,
        0.0010000000474974513,
        0.0010000000474974513,
        0.0010000000474974513,
        0.0010000000474974513,
        0.00020000000949949026,
        0.00020000000949949026,
        0.00020000000949949026,
        0.00020000000949949026,
        0.00020000000949949026,
        0.00020000000949949026,
        0.00020000000949949026,
        0.00020000000949949026,
        0.00020000000949949026,
        0.00020000000949949026,
        9.999999747378752e-05,
        9.999999747378752e-05,
        9.999999747378752e-05,
        9.999999747378752e-05,
        9.999999747378752e-05,
        9.999999747378752e-05,
        9.999999747378752e-05,
        9.999999747378752e-05,
        9.999999747378752e-05,
        9.999999747378752e-05,
        9.999999747378752e-05,
        9.999999747378752e-05,
        9.999999747378752e-05,
        9.999999747378752e-05,
        9.999999747378752e-05,
        9.999999747378752e-05,
        9.999999747378752e-05,
        9.999999747378752e-05
    ]
}