{
    "accuracy": [
        0.408203125,
        0.470703125,
        0.60546875,
        0.771484375,
        0.876953125,
        0.91015625,
        0.939453125,
        0.935546875,
        0.927734375,
        0.94921875,
        0.953125,
        0.98828125,
        0.98828125,
        0.98828125,
        0.9921875,
        0.9921875
    ],
    "loss": [
        1.0627871751785278,
        1.0297205448150635,
        0.8443822264671326,
        0.5819110870361328,
        0.3464384973049164,
        0.2887398898601532,
        0.21460923552513123,
        0.14438599348068237,
        0.19151271879673004,
        0.12280084937810898,
        0.11804843693971634,
        0.04042699187994003,
        0.034091200679540634,
        0.031173784285783768,
        0.02376764640212059,
        0.02813997119665146
    ],
    "val_accuracy": [
        0.4296875,
        0.53125,
        0.765625,
        0.7734375,
        0.9296875,
        0.8828125,
        0.9453125,
        0.9140625,
        0.9453125,
        0.8984375,
        0.9453125,
        0.953125,
        0.953125,
        0.953125,
        0.953125,
        0.953125
    ],
    "val_loss": [
        1.0421422719955444,
        0.9263418316841125,
        0.6125527620315552,
        0.5500319004058838,
        0.2750600278377533,
        0.2775532007217407,
        0.21478989720344543,
        0.20783239603042603,
        0.20218393206596375,
        0.2997516989707947,
        0.24195700883865356,
        0.18159377574920654,
        0.17754121124744415,
        0.18403670191764832,
        0.18730159103870392,
        0.18430326879024506
    ],
    "learning_rate": [
        0.0010000000474974513,
        0.0010000000474974513,
        0.0010000000474974513,
        0.0010000000474974513,
        0.0010000000474974513,
        0.0010000000474974513,
        0.0010000000474974513,
        0.0010000000474974513,
        0.0010000000474974513,
        0.0010000000474974513,
        0.0010000000474974513,
        0.00020000000949949026,
        0.00020000000949949026,
        0.00020000000949949026,
        0.00020000000949949026,
        9.999999747378752e-05
    ]
}