{
    "accuracy": [
        0.4140625,
        0.392578125,
        0.529296875,
        0.671875,
        0.7890625,
        0.865234375,
        0.876953125,
        0.92578125,
        0.923828125,
        0.947265625,
        0.9453125,
        0.9609375,
        0.966796875,
        0.9765625,
        0.970703125,
        0.978515625,
        0.978515625
    ],
    "loss": [
        1.0777626037597656,
        1.0591827630996704,
        0.9668294787406921,
        0.7551054358482361,
        0.5673357844352722,
        0.35270586609840393,
        0.3736302852630615,
        0.23215097188949585,
        0.2131759375333786,
        0.14546096324920654,
        0.15800434350967407,
        0.1127379760146141,
        0.10302157700061798,
        0.07704530656337738,
        0.0669439509510994,
        0.06811320036649704,
        0.06691156327724457
    ],
    "val_accuracy": [
        0.3515625,
        0.453125,
        0.578125,
        0.7890625,
        0.890625,
        0.7890625,
        0.9296875,
        0.90625,
        0.9296875,
        0.90625,
        0.9140625,
        0.953125,
        0.953125,
        0.9453125,
        0.9375,
        0.9375,
        0.9296875
    ],
    "val_loss": [
        1.121930480003357,
        1.0386128425598145,
        0.8853142857551575,
        0.6905909776687622,
        0.3695058822631836,
        0.49218127131462097,
        0.22732530534267426,
        0.263926237821579,
        0.2262697070837021,
        0.3342166244983673,
        0.2862450182437897,
        0.20202860236167908,
        0.1996966153383255,
        0.18886801600456238,
        0.19651569426059723,
        0.20081819593906403,
        0.21091865003108978
    ],
    "learning_rate": [
        0.0010000000474974513,
        0.0010000000474974513,
        0.0010000000474974513,
        0.0010000000474974513,
        0.0010000000474974513,
        0.0010000000474974513,
        0.0010000000474974513,
        0.0010000000474974513,
        0.0010000000474974513,
        0.0010000000474974513,
        0.0010000000474974513,
        0.00020000000949949026,
        0.00020000000949949026,
        0.00020000000949949026,
        0.00020000000949949026,
        0.00020000000949949026,
        9.999999747378752e-05
    ]
}