{
    "accuracy": [
        0.396484375,
        0.41015625,
        0.44140625,
        0.4453125,
        0.515625,
        0.48046875,
        0.48828125,
        0.5,
        0.513671875,
        0.515625,
        0.560546875,
        0.564453125,
        0.5703125,
        0.5625,
        0.580078125,
        0.564453125,
        0.59765625,
        0.578125,
        0.607421875,
        0.609375,
        0.626953125,
        0.625,
        0.642578125,
        0.677734375,
        0.625
    ],
    "loss": [
        1.05294668674469,
        1.050574541091919,
        1.042234182357788,
        1.041705846786499,
        1.0183202028274536,
        1.0304828882217407,
        1.0161701440811157,
        0.9766729474067688,
        0.9973395466804504,
        0.9961387515068054,
        0.9681938290596008,
        0.9349544644355774,
        0.9277539253234863,
        0.8942183256149292,
        0.8749104738235474,
        0.8700418472290039,
        0.855455756187439,
        0.8289109468460083,
        0.8381394147872925,
        0.8182733058929443,
        0.8102719187736511,
        0.7915926575660706,
        0.80055171251297,
        0.7617044448852539,
        0.7761796116828918
    ],
    "val_accuracy": [
        0.40625,
        0.3671875,
        0.390625,
        0.46875,
        0.3828125,
        0.53125,
        0.515625,
        0.5703125,
        0.5703125,
        0.53125,
        0.5546875,
        0.546875,
        0.578125,
        0.5703125,
        0.609375,
        0.6171875,
        0.6328125,
        0.640625,
        0.6875,
        0.65625,
        0.671875,
        0.6953125,
        0.6953125,
        0.640625,
        0.71875
    ],
    "val_loss": [
        1.0537922382354736,
        1.0531164407730103,
        1.0935263633728027,
        1.0330066680908203,
        1.093719720840454,
        0.9754420518875122,
        0.9563034772872925,
        1.0231531858444214,
        0.9403455257415771,
        0.9256401658058167,
        0.9114735126495361,
        0.9157441854476929,
        0.9216563701629639,
        0.8676162958145142,
        0.8318251371383667,
        0.8241130709648132,
        0.8329540491104126,
        0.800994873046875,
        0.8030116558074951,
        0.8421697616577148,
        0.7752931118011475,
        0.7584061622619629,
        0.7637466192245483,
        0.8092731237411499,
        0.7780508995056152
    ],
    "learning_rate": [
        0.0010000000474974513,
        0.0010000000474974513,
        0.0010000000474974513,
        0.0010000000474974513,
        0.0010000000474974513,
        0.0010000000474974513,
        0.0010000000474974513,
        0.0010000000474974513,
        0.0010000000474974513,
        0.0010000000474974513,
        0.0010000000474974513,
        0.0010000000474974513,
        0.0010000000474974513,
        0.00020000000949949026,
        0.00020000000949949026,
        0.00020000000949949026,
        0.00020000000949949026,
        0.00020000000949949026,
        0.00020000000949949026,
        0.00020000000949949026,
        9.999999747378752e-05,
        9.999999747378752e-05,
        9.999999747378752e-05,
        9.999999747378752e-05,
        9.999999747378752e-05
    ]
}