{
    "accuracy": [
        0.373046875,
        0.4296875,
        0.47265625,
        0.53125,
        0.591796875,
        0.658203125,
        0.7109375,
        0.693359375,
        0.7109375,
        0.73828125,
        0.75390625,
        0.765625,
        0.83203125,
        0.84375,
        0.84765625,
        0.875,
        0.875,
        0.8984375,
        0.892578125,
        0.87109375,
        0.88671875,
        0.90625,
        0.9140625,
        0.91015625,
        0.91015625,
        0.92578125
    ],
    "loss": [
        1.0676629543304443,
        1.0386332273483276,
        1.0031487941741943,
        0.9711107015609741,
        0.9086459279060364,
        0.8022160530090332,
        0.7179116010665894,
        0.7319504022598267,
        0.6599223017692566,
        0.652658224105835,
        0.645774245262146,
        0.6004520654678345,
        0.49704813957214355,
        0.42780762910842896,
        0.37878942489624023,
        0.35703837871551514,
        0.3168501555919647,
        0.2935095429420471,
        0.2801032066345215,
        0.346468985080719,
        0.32552915811538696,
        0.2665468454360962,
        0.238156259059906,
        0.25246044993400574,
        0.24584141373634338,
        0.20574085414409637
    ],
    "val_accuracy": [
        0.421875,
        0.4921875,
        0.453125,
        0.640625,
        0.6015625,
        0.6640625,
        0.734375,
        0.7109375,
        0.7578125,
        0.8515625,
        0.8125,
        0.8828125,
        0.8984375,
        0.84375,
        0.859375,
        0.9375,
        0.921875,
        0.921875,
        0.9375,
        0.9375,
        0.9453125,
        0.9296875,
        0.9375,
        0.9453125,
        0.9453125,
        0.953125
    ],
    "val_loss": [
        1.0438838005065918,
        1.0220892429351807,
        1.0465972423553467,
        0.888196587562561,
        0.8405290246009827,
        0.7231951355934143,
        0.619938313961029,
        0.6580016016960144,
        0.6013880372047424,
        0.47064194083213806,
        0.5029175877571106,
        0.34939369559288025,
        0.3160665035247803,
        0.42738306522369385,
        0.431953489780426,
        0.22583284974098206,
        0.24129055440425873,
        0.2167125642299652,
        0.21331582963466644,
        0.231638103723526,
        0.20396679639816284,
        0.21648092567920685,
        0.18026582896709442,
        0.18435882031917572,
        0.18451829254627228,
        0.20728212594985962
    ],
    "learning_rate": [
        0.0010000000474974513,
        0.0010000000474974513,
        0.0010000000474974513,
        0.0010000000474974513,
        0.0010000000474974513,
        0.0010000000474974513,
        0.0010000000474974513,
        0.0010000000474974513,
        0.0010000000474974513,
        0.0010000000474974513,
        0.0010000000474974513,
        0.0010000000474974513,
        0.0010000000474974513,
        0.0010000000474974513,
        0.0010000000474974513,
        0.00020000000949949026,
        0.00020000000949949026,
        0.00020000000949949026,
        0.00020000000949949026,
        0.00020000000949949026,
        0.00020000000949949026,
        0.00020000000949949026,
        0.00020000000949949026,
        0.00020000000949949026,
        0.00020000000949949026,
        9.999999747378752e-05
    ]
}