{
    "accuracy": [
        0.40625,
        0.4453125,
        0.47265625,
        0.5859375,
        0.685546875,
        0.80859375,
        0.84375,
        0.87109375,
        0.884765625,
        0.923828125,
        0.935546875,
        0.95703125,
        0.96484375,
        0.953125,
        0.962890625,
        0.96875,
        0.958984375,
        0.97265625
    ],
    "loss": [
        1.0583447217941284,
        1.0473277568817139,
        1.0254309177398682,
        0.8475867509841919,
        0.7580764293670654,
        0.5870137214660645,
        0.42270737886428833,
        0.3373177647590637,
        0.3343261778354645,
        0.19255562126636505,
        0.18497104942798615,
        0.12831977009773254,
        0.1060027927160263,
        0.11799949407577515,
        0.11868780106306076,
        0.09693998843431473,
        0.10154223442077637,
        0.08272436261177063
    ],
    "val_accuracy": [
        0.421875,
        0.40625,
        0.5703125,
        0.6328125,
        0.7734375,
        0.90625,
        0.90625,
        0.9140625,
        0.875,
        0.9453125,
        0.953125,
        0.953125,
        0.953125,
        0.953125,
        0.953125,
        0.953125,
        0.9453125,
        0.9375
    ],
    "val_loss": [
        1.1043915748596191,
        1.0355944633483887,
        0.9337759017944336,
        0.7267993092536926,
        0.6207842230796814,
        0.40454667806625366,
        0.31542831659317017,
        0.3251713812351227,
        0.3275555968284607,
        0.22109709680080414,
        0.18686911463737488,
        0.19634640216827393,
        0.18028001487255096,
        0.18434342741966248,
        0.17353591322898865,
        0.18205876648426056,
        0.1864866465330124,
        0.1984129101037979
    ],
    "learning_rate": [
        0.0010000000474974513,
        0.0010000000474974513,
        0.0010000000474974513,
        0.0010000000474974513,
        0.0010000000474974513,
        0.0010000000474974513,
        0.0010000000474974513,
        0.0010000000474974513,
        0.0010000000474974513,
        0.00020000000949949026,
        0.00020000000949949026,
        0.00020000000949949026,
        0.00020000000949949026,
        0.00020000000949949026,
        0.00020000000949949026,
        0.00020000000949949026,
        0.00020000000949949026,
        9.999999747378752e-05
    ]
}