{
    "r-d-like-1.JPG": {
        "bboxes": [
            [
                0.2894248608534323,
                0.1710114702815433,
                0.15213358070500926,
                0.1251303441084463
            ],
            [
                0.7142857142857143,
                0.7705943691345151,
                0.08534322820037099,
                0.10323253388946829
            ]
        ],
        "labels": [
            "dislike",
            "no-gesture"
        ]
    },
    "r-d-like-2.JPG": {
        "bboxes": [
            [
                0.5547309833024119,
                0.1470281543274244,
                0.12244897959183676,
                0.12304483837330554
            ],
            [
                0.17625231910946196,
                0.781021897810219,
                0.1168831168831169,
                0.10010427528675703
            ]
        ],
        "labels": [
            "dislike",
            "no-gesture"
        ]
    },
    "r-d-like-3.JPG": {
        "bboxes": [
            [
                0.20593692022263452,
                0.17309697601668406,
                0.16512059369202223,
                0.11991657977059433
            ],
            [
                0.6048237476808905,
                0.16579770594369134,
                0.13729128014842296,
                0.11887382690302398
            ]
        ],
        "labels": [
            "dislike",
            "dislike"
        ]
    },
    "r-like-1.JPG": {
        "bboxes": [
            [
                0.2690166975881262,
                0.3461939520333681,
                0.13358070500927643,
                0.1282586027111574
            ],
            [
                0.7346938775510204,
                0.7841501564129302,
                0.10760667903525045,
                0.11261730969760164
            ]
        ],
        "labels": [
            "like",
            "no-gesture"
        ]
    },
    "r-like-2.JPG": {
        "bboxes": [
            [
                0.2504638218923933,
                0.3555787278415016,
                0.13543599257884975,
                0.10740354535974972
            ]
        ],
        "labels": [
            "like"
        ]
    },
    "r-like-3.JPG": {
        "bboxes": [
            [
                0.6623376623376623,
                0.3159541188738269,
                0.16512059369202226,
                0.12200208550573516
            ],
            [
                0.22263450834879406,
                0.7799791449426486,
                0.11131725417439703,
                0.09593326381647549
            ]
        ],
        "labels": [
            "like",
            "no-gesture"
        ]
    },
    "r-peace-1.JPG": {
        "bboxes": [
            [
                0.22077922077922077,
                0.2116788321167883,
                0.17254174397031538,
                0.1981230448383733
            ]
        ],
        "labels": [
            "peace"
        ]
    },
    "r-peace-2.JPG": {
        "bboxes": [
            [
                0.673469387755102,
                0.26173096976016685,
                0.16141001855287573,
                0.16892596454640246
            ]
        ],
        "labels": [
            "peace"
        ]
    },
    "r-peace-3.JPG": {
        "bboxes": [
            [
                0.22263450834879406,
                0.25443169968717416,
                0.1484230055658627,
                0.18039624608967675
            ],
            [
                0.6975881261595547,
                0.2721584984358707,
                0.13543599257884975,
                0.1626694473409802
            ]
        ],
        "labels": [
            "peace",
            "peace"
        ]
    },
    "r-rock-1.JPG": {
        "bboxes": [
            [
                0.18923933209647495,
                0.20959332638164754,
                0.19294990723562153,
                0.17205422314911364
            ]
        ],
        "labels": [
            "rock"
        ]
    },
    "r-rock-2.JPG": {
        "bboxes": [
            [
                0.5992578849721707,
                0.23357664233576642,
                0.23191094619666053,
                0.17309697601668406
            ],
            [
                0.16697588126159554,
                0.7851929092805006,
                0.11317254174397032,
                0.1428571428571428
            ]
        ],
        "labels": [
            "rock",
            "no-gesture"
        ]
    },
    "r-rock-3.JPG": {
        "bboxes": [
            [
                0.20222634508348794,
                0.2127215849843587,
                0.17068645640074212,
                0.15119916579770595
            ],
            [
                0.7087198515769945,
                0.7695516162669447,
                0.07606679035250463,
                0.0959332638164756
            ]
        ],
        "labels": [
            "rock",
            "no-gesture"
        ]
    },
    "r-stop-1.JPG": {
        "bboxes": [
            [
                0.25788497217068646,
                0.23670490093847757,
                0.15955473098330242,
                0.16788321167883213
            ],
            [
                0.7291280148423006,
                0.735140771637122,
                0.09833024118738398,
                0.12513034410844626
            ]
        ],
        "labels": [
            "stop",
            "no-gesture"
        ]
    },
    "r-stop-2.JPG": {
        "bboxes": [
            [
                0.14471243042671614,
                0.1835245046923879,
                0.15398886827458255,
                0.1772679874869656
            ],
            [
                0.6901669758812616,
                0.19603753910323254,
                0.17810760667903525,
                0.17309697601668403
            ]
        ],
        "labels": [
            "stop",
            "stop"
        ]
    },
    "r-stop-3.JPG": {
        "bboxes": [
            [
                0.6289424860853432,
                0.2116788321167883,
                0.19109461966604824,
                0.15849843587069865
            ],
            [
                0.16326530612244897,
                0.7653806047966631,
                0.07792207792207795,
                0.12200208550573521
            ]
        ],
        "labels": [
            "stop",
            "no-gesture"
        ]
    }
}