{
    "0": {
        "bboxes": [
            [
                0.5435992578849722,
                0.46611053180396245,
                0.07421150278293132,
                0.09593326381647549
            ],
            [
                0.23191094619666047,
                0.9468196037539103,
                0.10204081632653061,
                0.051094890510948954
            ]
        ],
        "labels": [
            "dislike",
            "no-gesture"
        ]
    },
    "1": {
        "bboxes": [
            [
                0.42115027829313545,
                0.4369134515119917,
                0.16883116883116878,
                0.1157455683003128
            ]
        ],
        "labels": [
            "dislike"
        ]
    },
    "2": {
        "bboxes": [
            [
                0.2987012987012987,
                0.47236704900938475,
                0.12987012987012986,
                0.09697601668404587
            ]
        ],
        "labels": [
            "dislike"
        ]
    },
    "3": {
        "bboxes": [
            [
                0.5695732838589982,
                0.5745568300312826,
                0.1855287569573283,
                0.20750782064650686
            ]
        ],
        "labels": [
            "like"
        ]
    },
    "4": {
        "bboxes": [
            [
                0.3116883116883117,
                0.5505735140771637,
                0.0927643784786642,
                0.10010427528675703
            ],
            [
                0.5788497217068646,
                0.5349322210636079,
                0.08719851576994431,
                0.10427528675703857
            ]
        ],
        "labels": [
            "like",
            "like"
        ]
    },
    "5": {
        "bboxes": [
            [
                0.5287569573283859,
                0.5401459854014599,
                0.10575139146567714,
                0.07716371220020857
            ],
            [
                0.15955473098330242,
                0.9343065693430657,
                0.10575139146567719,
                0.05943691345151203
            ]
        ],
        "labels": [
            "like",
            "no-gesture"
        ]
    },
    "6": {
        "bboxes": [
            [
                0.3098330241187384,
                0.49530761209593327,
                0.10575139146567719,
                0.1522419186652763
            ]
        ],
        "labels": [
            "peace"
        ]
    },
    "7": {
        "bboxes": [
            [
                0.3395176252319109,
                0.4765380604796663,
                0.10389610389610393,
                0.18248175182481752
            ]
        ],
        "labels": [
            "peace"
        ]
    },
    "8": {
        "bboxes": [
            [
                0.5992578849721707,
                0.47132429614181437,
                0.1280148423005566,
                0.1501564129301356
            ]
        ],
        "labels": [
            "peace"
        ]
    },
    "9": {
        "bboxes": [
            [
                0.3042671614100185,
                0.49113660062565173,
                0.09647495361781078,
                0.14911366006256516
            ]
        ],
        "labels": [
            "rock"
        ]
    },
    "10": {
        "bboxes": [
            [
                0.5343228200371057,
                0.49009384775808135,
                0.1428571428571429,
                0.0980187695516162
            ],
            [
                0.23562152133580705,
                0.8915537017726799,
                0.08348794063079779,
                0.05526590198123038
            ]
        ],
        "labels": [
            "rock",
            "no-gesture"
        ]
    },
    "11": {
        "bboxes": [
            [
                0.5398886827458256,
                0.5078206465067779,
                0.09276437847866426,
                0.0886339937434828
            ],
            [
                0.2782931354359926,
                0.5036496350364964,
                0.08534322820037105,
                0.11783107403545356
            ]
        ],
        "labels": [
            "rock",
            "rock"
        ]
    },
    "12": {
        "bboxes": [
            [
                0.5083487940630798,
                0.4796663190823775,
                0.1558441558441559,
                0.1386861313868613
            ],
            [
                0.16697588126159554,
                0.9374348279457768,
                0.09647495361781075,
                0.0615224191866528
            ]
        ],
        "labels": [
            "stop",
            "no-gesture"
        ]
    },
    "13": {
        "bboxes": [
            [
                0.2764378478664193,
                0.40145985401459855,
                0.22263450834879406,
                0.23149113660062565
            ]
        ],
        "labels": [
            "stop"
        ]
    },
    "14": {
        "bboxes": [
            [
                0.47309833024118736,
                0.4796663190823775,
                0.1335807050092765,
                0.1261730969760167
            ],
            [
                0.14285714285714285,
                0.9124087591240876,
                0.12615955473098334,
                0.08550573514077164
            ]
        ],
        "labels": [
            "stop",
            "no-gesture"
        ]
    }
}